Original order in ppt,"Source (Probe list, Patient)",Semantic  Category,Cog Status (Span/Cat),Palabra en English,Palabra en Castellano,Paraula en Català,Espal_NSYL,Espal_IMG,Espal_NLET,Espal_CON,Espal_FAM,ClearpondFrequency_PerMil_Esp,Coca_word Freq (Total) - Web/Dialects,COCA_full freq Eng,Clearpond_wordLength_orthographic_Eng,Clearpond_Lexical_Frequency_Eng,MRC Concreteness,MRC Familiarity,MRC Imigability,MRC N_of_Letters,MRC N_of_Syllables,CAT_SUBTLEX_NSYL,NIM_NLET,NIM_WordFreq_Relativa,NIM_WordFreq_Total_Absoluta
1.0,Probe List,body part,1.0,thumb,pulgar,polze,2.0,2.0,6.0,2.0,2.0,7.5721,7572.0,12878.0,5.0,11.8235,638.0,601.0,599.0,6.0,1.0,2.0,5.0,2.59494,133.0
2.0,Probe List,object,0.0,whistle,silbato,xiulet,3.0,2.0,7.0,2.0,2.0,4.7596,1123.0,6674.0,7.0,15.451,579.0,505.0,574.0,7.0,2.0,2.0,6.0,7.90187,405.0
3.0,Probe List,animal,1.0,bee,abeja,abella,3.0,6.593,5.0,6.418,6.418,7.476,5332.0,8680.0,3.0,10.3529,597.0,554.0,623.0,5.0,1.0,3.0,6.0,7.68725,394.0
4.0,Probe List,food/fruit,0.0,Plums,Ciruelas,Prunes,2.0,2.0,8.0,2.0,2.0,NA,NA,NA,5.0,NA,NA,NA,NA,8.0,1.0,NA,6.0,NA,NA
5.0,Probe List,kitchen item,0.0,Tray,Bandeja,Safata,2.0,2.0,7.0,2.0,2.0,NA,NA,NA,4.0,NA,NA,NA,NA,7.0,1.0,NA,6.0,NA,NA
6.0,Probe List,tools,0.0,pliers,alicates,tenalles,4.0,2.0,8.0,2.0,2.0,NA,346.0,953.0,6.0,1.1569,645.0,499.0,588.0,8.0,2.0,3.0,8.0,1.54135,79.0
8.0,Probe List,profession/person,1.0,fireman,bombero,bomber,3.0,2.0,7.0,2.0,2.0,6.3942,4058.0,1891.0,7.0,2.9216,NA,NA,NA,7.0,3.0,2.0,6.0,0.507281,26.0
9.0,Probe List,food/fruit,0.0,grapes,uvas,raïm,2.0,2.0,4.0,2.0,2.0,3.8942,8116.0,5704.0,6.0,3.9412,NA,NA,NA,4.0,NA,2.0,4.0,11.2577,577.0
10.0,Probe List,animal,0.0,fox,zorro,guineu,2.0,6.204,5.0,6.047,6.047,8.2933,6440.0,50042.0,3.0,21.6078,605.0,501.0,607.0,5.0,1.0,2.0,6.0,5.58009,286.0
11.0,Probe List,food/veg,1.0,celery,apio,api,2.0,2.0,4.0,2.0,2.0,1.3942,3517.0,3877.0,6.0,1.8627,NA,NA,NA,4.0,3.0,2.0,3.0,1.34625,69.0
12.0,Probe List,tools,0.0,tools,herramientas,eines,4.0,2.0,12.0,2.0,2.0,15.5529,143435.0,49359.0,5.0,11.1176,NA,NA,NA,12.0,NA,2.0,5.0,18.945,971.0
14.0,Probe List,body part,2.0,mouth,boca,boca,2.0,6.223,4.0,6.014,6.014,137.9808,175759.0,79641.0,5.0,104.4118,568.0,572.0,613.0,4.0,1.0,2.0,4.0,176.456,9044.0
15.0,Probe List,clothing,1.0,dress,vestido,vestit,3.0,2.0,7.0,6.076,6.076,80.9135,57761.0,53534.0,5.0,87.1961,595.0,588.0,595.0,7.0,1.0,2.0,6.0,102.276,5242.0
16.0,Probe List,food/veg,0.0,Eggplant,Berenjena,Albergínia,2.0,2.0,9.0,2.0,2.0,NA,NA,NA,8.0,NA,NA,NA,NA,9.0,2.0,NA,10.0,NA,NA
17.0,Probe List,object,0.0,Flowerpot,Maceta o tiesto,Test,2.0,2.0,15.0,2.0,2.0,NA,NA,NA,9.0,NA,NA,NA,NA,15.0,3.0,NA,4.0,NA,NA
19.0,Probe List,body part,1.0,hair,cabello/pelo,cabell,2.5,4.1240000000000006,5.5,6.277,6.277,NA,NA,139560.0,4.0,153.549,583.0,575.0,580.0,5.5,1.0,2.0,6.0,28.2516,1448.0
21.0,Probe List,hygiene product/health,0.0,Nail clippers,Cortaúñas,Tallaungles,2.0,2.0,9.0,2.0,2.0,NA,NA,NA,13.0,NA,NA,NA,NA,9.0,3.0,NA,11.0,NA,NA
22.0,Probe List,tool,1.0,broom,Escoba,escombra,2.0,2.0,6.0,2.0,2.0,NA,NA,3262.0,5.0,4.7647,613.0,547.0,608.0,6.0,1.0,3.0,8.0,5.54107,284.0
23.0,Probe List,clothing,0.0,Buckle,Hebilla,Sivella,2.0,2.0,7.0,2.0,2.0,NA,NA,NA,6.0,NA,NA,NA,NA,7.0,2.0,NA,7.0,NA,NA
24.0,Probe List,object,1.0,Fountain,fuente,font,2.0,6.524,6.0,5.054,5.054,43.8942,220592.0,NA,8.0,NA,NA,NA,NA,6.0,2.0,1.0,4.0,99.6807,5109.0
25.0,Probe List,kitchen item,0.0,Cork,Corcho,Tap de suro / Tap,2.0,2.0,6.0,2.0,2.0,NA,NA,NA,4.0,NA,NA,NA,NA,6.0,1.0,NA,8.0,NA,NA
26.0,Probe List,food/fruit,0.0,apple,manzana,poma,3.0,6.58,7.0,6.133,6.133,18.9663,27280.0,61151.0,5.0,23.6667,620.0,598.0,637.0,7.0,2.0,2.0,4.0,12.4284,637.0
27.0,Probe List,animal,0.0,donkey,burro,ruc/burro,2.0,2.0,5.0,4.94,4.94,9.4712,10723.0,3685.0,6.0,5.3529,NA,NA,NA,5.0,2.0,NA,4.0,NA,NA
29.0,Probe List,clothing,0.0,hat,sombrero,barret,3.0,6.559,8.0,5.927,5.927,32.8606,18124.0,34230.0,3.0,64.1765,601.0,580.0,562.0,8.0,1.0,2.0,6.0,33.4805,1716.0
32.0,Probe List,object,0.0,candle ,vela,espelma,2.0,5.781,4.0,5.098,5.098,10.5529,25217.0,NA,7.0,NA,NA,NA,NA,4.0,2.0,3.0,7.0,4.56553,234.0
33.0,Probe List,food/veg,0.0,olive,aceituna,oliva,4.0,2.0,8.0,2.0,2.0,NA,1528.0,18950.0,5.0,7.3529,618.0,444.0,578.0,8.0,2.0,3.0,5.0,11.1212,570.0
34.0,Probe List,instrument,1.0,clarinet,clarinete,clarinet,4.0,2.0,9.0,2.0,2.0,1.4423,1285.0,1165.0,8.0,1.5686,633.0,464.0,593.0,9.0,3.0,3.0,8.0,1.63891,84.0
35.0,Probe List,animal,0.0,owl,búho,mussol,2.0,6.072,4.0,6.097,6.097,2.0673,2385.0,5519.0,3.0,5.6078,614.0,477.0,595.0,4.0,1.0,2.0,6.0,5.98982,307.0
36.0,Probe List,body parts,0.0,eye,ojo,ull,2.0,6.309,3.0,5.937,5.937,64.8317,118844.0,97624.0,3.0,111.7843,634.0,611.0,603.0,3.0,1.0,1.0,3.0,89.457,4585.0
37.0,Probe List,kitchen item,0.0,knife,cuchillo,ganivet,3.0,6.499,8.0,6.506,6.506,41.5385,15973.0,29274.0,5.0,46.8039,612.0,573.0,633.0,8.0,1.0,3.0,7.0,21.5399,1104.0
38.0,Probe List,animal,0.0,duck,pato,ànec,2.0,6.573,4.0,6.249,6.249,14.9038,10709.0,14115.0,4.0,24.7647,606.0,529.0,632.0,4.0,1.0,2.0,4.0,4.54602,233.0
39.0,Probe List,clothing,0.0,vest,chaleco,armilla,3.0,6.495,7.0,5.988,5.988,7.5481,5111.0,5413.0,4.0,5.5686,575.0,472.0,581.0,7.0,1.0,3.0,7.0,5.89226,302.0
40.0,Probe List,furniture,0.0,lamp,lámpara,làmpara,3.0,6.104,7.0,6.112,6.112,10.2404,10115.0,9110.0,4.0,12.8824,615.0,578.0,575.0,7.0,1.0,3.0,7.0,2.14619,110.0
41.0,Probe List,object,2.0,paint,pintura ,pintura,2.0,2.0,8.0,2.0,2.0,NA,NA,37599.0,5.0,36.8039,577.0,551.0,567.0,8.0,1.0,3.0,7.0,75.7799,3884.0
42.0,Probe List,kitchen item,0.0,fork ,tenedor,forquilla,3.0,6.413,7.0,6.292,6.292,5.9856,5562.0,NA,5.0,NA,NA,NA,NA,7.0,1.0,3.0,9.0,4.29238,220.0
44.0,Probe List,games,0.0,chess,ajedrez,escacs,3.0,5.318,7.0,5.804,5.804,9.6875,15421.0,6578.0,5.0,7.451,NA,NA,NA,7.0,1.0,2.0,6.0,5.56058,285.0
45.0,Probe List,animal,0.0,lizard,lagartija,sargantana/llangardaix,4.0,2.0,9.0,2.0,2.0,1.6827,1104.0,3111.0,6.0,4.8431,588.0,483.0,632.0,9.0,2.0,NA,10.5,NA,NA
47.0,Probe List,kitchen item,0.0,Corkscrew,Sacacorchos,llevataps,2.0,2.0,11.0,2.0,2.0,NA,NA,NA,9.0,NA,NA,NA,NA,11.0,2.0,3.0,9.0,NA,NA
48.0,Probe List,food/nuts,0.0,pistachios,pistachos/pistaches,festucs,2.5,2.0,9.0,2.0,2.0,NA,NA,619.0,10.0,NA,NA,NA,NA,9.0,NA,2.0,7.0,NA,NA
49.0,Probe List,animal,0.0,monkey,mono,mico,2.0,6.562,4.0,5.269,5.269,33.125,19920.0,11449.0,6.0,33.5098,566.0,531.0,588.0,4.0,2.0,2.0,4.0,2.49738,128.0
50.0,Probe List,object,0.0,ceiling ,techo,sostre,2.0,5.873,5.0,5.676,5.676,41.4423,43151.0,NA,8.0,NA,NA,NA,NA,5.0,2.0,2.0,6.0,34.0659,1746.0
51.0,Probe List,kitchen item,0.0,napkin,servilleta,tovalló,4.0,6.286,10.0,6.678,6.678,4.0625,2354.0,3618.0,6.0,3.6078,NA,NA,NA,10.0,2.0,3.0,7.0,3.18026,163.0
52.0,Probe List,tools,0.0,axe,hacha,destral,2.0,6.043,5.0,6.347,6.347,8.149,4570.0,3785.0,3.0,4.8824,623.0,461.0,597.0,5.0,1.0,2.0,7.0,9.91149,508.0
53.0,Probe List,household item,1.0,blinds,persianas,persianes,3.0,2.0,9.0,2.0,2.0,2.0913,1825.0,2596.0,6.0,2.1373,NA,NA,NA,9.0,NA,4.0,9.0,3.6095,185.0
54.0,Probe List,games,0.0,swing ,columpio,gronxador,3.0,2.0,8.0,2.0,2.0,1.5625,1210.0,NA,6.0,NA,NA,NA,NA,8.0,1.0,3.0,9.0,0.7219,37.0
55.0,Probe List,clothing,0.0,diaper,pañal,bolquer,2.0,2.0,5.0,2.0,2.0,3.9183,4284.0,3582.0,6.0,4.2745,NA,NA,NA,5.0,3.0,2.0,7.0,0.526792,27.0
56.0,Probe List,animal,0.0,beehive,colmena,rusc,3.0,2.0,7.0,2.0,2.0,2.0673,2894.0,772.0,7.0,0.86275,611.0,398.0,572.0,7.0,2.0,1.0,4.0,2.79004,143.0
57.0,Probe List,accessory,0.0,glasses,gafas/espejuelos/lentes/anteojos,ulleres,3.0,4.96775,7.25,5.044499999999999,5.044499999999999,NA,NA,23502.0,7.0,33.1176,NA,NA,NA,7.25,NA,3.0,7.0,17.4427,894.0
59.0,Probe List,food/nuts,0.0,acorn,bellota,gla,3.0,2.0,7.0,2.0,2.0,NA,649.0,2418.0,5.0,0.72549,0.0,397.0,NA,7.0,2.0,1.0,3.0,0.995051,51.0
61.0,Probe List,food,0.0,egg,huevos,ous,2.0,2.0,6.0,2.0,2.0,45.0721,47971.0,26188.0,3.0,26.0392,613.0,608.0,599.0,6.0,1.0,1.0,3.0,43.8798,2249.0
63.0,Probe List,food/veg,0.0,carrot,zanahoria,pastanaga,4.0,6.477,9.0,6.667,6.667,3.2692,7621.0,4377.0,6.0,3.8235,622.0,539.0,577.0,9.0,2.0,4.0,9.0,2.90711,149.0
64.0,Probe List,animal,0.0,worm,gusano /lombriz,cuc,2.0,2.0,7.0,2.0,2.0,NA,NA,5196.0,4.0,10.1176,611.0,498.0,578.0,7.0,1.0,1.0,3.0,7.17997,368.0
65.0,Probe List,body parts,0.0,shoulder,hombro,espatlla,2.0,6.232,6.0,6.41,6.41,21.851,23361.0,48861.0,8.0,26.1961,589.0,553.0,577.0,6.0,2.0,3.0,8.0,33.2659,1705.0
66.0,Probe List,food/snack,0.0,popcorn,palomitas,crispetes,4.0,2.0,9.0,2.0,2.0,7.8606,3597.0,5666.0,7.0,9.1176,NA,NA,NA,9.0,NA,3.0,9.0,NA,NA
68.0,Probe List,profession/person,2.0,doctor,doctor/médico,doctor/metge,2.5,5.8469999999999995,6.0,5.1845,5.1845,NA,NA,106766.0,6.0,263.9412,575.0,573.0,600.0,6.0,2.0,NA,5.5,NA,NA
69.0,Probe List,food/veg,0.0,pickle,pepinillo,cogombret,4.0,2.0,9.0,2.0,2.0,1.3702,233.0,2118.0,6.0,4.6078,606.0,562.0,641.0,9.0,2.0,3.0,9.0,NA,NA
70.0,Probe List,object,1.0,Cross,cruz,creu,1.0,2.0,4.0,6.127,6.127,21.5144,164753.0,NA,5.0,NA,NA,NA,NA,4.0,1.0,1.0,4.0,175.89,9015.0
71.0,Probe List,gemstones,0.0,emerald,esmeralda,maragda,4.0,5.525,9.0,6.546,6.546,4.7115,6067.0,2906.0,7.0,2.5686,613.0,457.0,602.0,9.0,3.0,3.0,7.0,2.02912,104.0
72.0,Probe List,food/veg,0.0,avocado,aguacate,alvocat,4.0,2.0,8.0,2.0,2.0,0.81731,6011.0,2442.0,7.0,1.2157,NA,NA,NA,8.0,4.0,3.0,7.0,0.0195108,1.0
73.0,Probe List,office supply,2.0,shredder,trituradora,trituradora,5.0,2.0,11.0,2.0,2.0,1.2981,979.0,1305.0,8.0,NA,NA,NA,NA,11.0,2.0,5.0,11.0,0.0780432,4.0
74.0,Probe List,food/fruit,0.0,strawberry,fresa,maduixa,2.0,6.67,5.0,5.878,5.878,3.5337,4723.0,4744.0,10.0,5.5294,610.0,539.0,631.0,5.0,3.0,3.0,7.0,2.45836,126.0
75.0,Probe List,animal,0.0,dog ,perro,gos,2.0,6.573,5.0,6.443,6.443,166.1779,90314.0,NA,4.0,NA,NA,NA,NA,5.0,1.0,1.0,3.0,60.0347,3077.0
76.0,Probe List,tools,0.0,Screw,Tornillo,Cargol,2.0,2.0,8.0,2.0,2.0,NA,NA,NA,5.0,NA,NA,NA,NA,8.0,1.0,NA,6.0,NA,NA
77.0,Probe List,clothing,0.0,sock,calcetín,mitjó,3.0,2.0,8.0,2.0,2.0,2.5,1047.0,4195.0,4.0,8.9804,581.0,578.0,553.0,8.0,1.0,2.0,5.0,0.74141,38.0
78.0,Probe List,food/veg,0.0,lettuce,lechuga,enciam,3.0,5.658,7.0,6.152,6.152,3.8221,6708.0,5114.0,7.0,3.3922,579.0,565.0,608.0,7.0,2.0,3.0,6.0,2.61445,134.0
79.0,Probe List,kitchen item,0.0,can,lata,llauna,2.0,2.0,4.0,5.701,5.701,15.9375,13963.0,2531671.0,3.0,5247.451,365.0,620.0,369.0,4.0,1.0,2.0,6.0,11.9601,613.0
80.0,Probe List,place,1.0,House,casa,casa,2.0,6.575,4.0,5.631,5.631,1378.2933,909773.0,NA,5.0,NA,NA,NA,NA,4.0,2.0,2.0,4.0,841.813,43146.0
81.0,Probe List,furniture,0.0,table,mesa,taula,2.0,6.782,4.0,6.395,6.395,109.6154,153470.0,216451.0,5.0,105.6275,604.0,599.0,582.0,4.0,2.0,2.0,5.0,192.396,9861.0
82.0,Probe List,kitchen item,0.0,pan,sartén,paella,2.0,5.58,6.0,6.506,6.506,3.2692,7152.0,27210.0,3.0,12.2941,586.0,566.0,532.0,6.0,1.0,3.0,6.0,9.01399,462.0
83.0,Probe List,animal,0.0,squirrel,ardilla,esquirol,3.0,5.873,7.0,6.393,6.393,7.6442,1859.0,3934.0,8.0,5.4706,612.0,511.0,642.0,7.0,2.0,3.0,8.0,4.42895,227.0
84.0,Probe List,food/fruit,0.0,peach,melocotón,préssec,4.0,2.0,9.0,2.0,2.0,2.4038,1720.0,5154.0,5.0,6.3529,617.0,536.0,613.0,9.0,1.0,2.0,7.0,2.94613,151.0
85.0,Probe List,kitchen item,0.0,glass,vaso,vas/got,2.0,6.613,4.0,6.523,6.523,26.0577,35007.0,75340.0,5.0,60.7059,635.0,611.0,585.0,4.0,1.0,NA,3.0,NA,NA
86.0,Probe List,plant,2.0,thorn,espina,espina,3.0,5.645,6.0,5.31,5.31,4.4952,7639.0,2669.0,5.0,5.098,586.0,454.0,600.0,6.0,1.0,3.0,6.0,8.3116,426.0
87.0,Probe List,instrument,2.0,flute ,flauta,flauta,2.0,5.971,6.0,6.161,6.161,3.5096,5402.0,NA,6.0,NA,NA,NA,NA,6.0,2.0,2.0,6.0,7.9409,407.0
89.0,Probe List,kitchen item,0.0,Spoon,Cuchara ,Cullera ,2.0,2.0,8.0,2.0,2.0,NA,NA,NA,5.0,NA,NA,NA,NA,8.0,1.0,NA,8.0,NA,NA
90.0,Probe List,accessory,0.0,earrings,aretes/pantallas/,anells/arracada,2.6666666666666665,2.0,5.0,2.0,2.0,NA,NA,4889.0,8.0,6.1373,NA,NA,NA,5.0,NA,NA,7.0,NA,NA
92.0,Probe List,beauty,0.0,mirror,espejo,mirall,3.0,5.595,6.0,6.345,6.345,28.2212,50664.0,33515.0,6.0,24.1765,605.0,593.0,627.0,6.0,2.0,2.0,6.0,37.6754,1931.0
94.0,Probe List,kitchen item,1.0,strainer,colador,colador,3.0,2.0,7.0,2.0,2.0,NA,1784.0,794.0,8.0,NA,NA,NA,NA,7.0,2.0,3.0,7.0,1.65842,85.0
96.0,Probe List,food/snack,0.0,cheese,queso,formatge,2.0,5.849,5.0,5.992,5.992,46.9712,32162.0,35996.0,6.0,39.0392,624.0,588.0,592.0,5.0,1.0,3.0,8.0,10.9651,562.0
98.0,Probe List,household item,0.0,bed,cama,llit,2.0,7.0,4.0,6.116,6.116,178.1731,85257.0,115014.0,3.0,187.1176,635.0,636.0,635.0,4.0,1.0,1.0,4.0,153.121,7848.0
100.0,Probe List,place,1.0,Gym,gimnasio,gimnàs,3.0,6.492,8.0,6.135,6.135,25.0962,22160.0,NA,3.0,NA,NA,NA,NA,8.0,1.0,2.0,6.0,2.00961,103.0
106.0,Probe List,object,0.0,brick,ladrillo,maó,3.0,5.432,8.0,6.156,6.156,5.4327,9093.0,14228.0,5.0,10.1765,610.0,529.0,574.0,8.0,1.0,2.0,3.0,4.05825,208.0
108.0,Probe List,kitchen item,0.0,Straw,paja/caña/pajita,palla/canya/canyeta,2.3333333333333335,3.2726666666666664,4.666666666666667,3.8546666666666667,3.8546666666666667,NA,NA,NA,5.0,NA,NA,NA,NA,4.666666666666667,1.0,NA,5.666666666666667,NA,NA
109.0,Probe List,nature,1.0,Mountain,montaña,muntanya,3.0,5.122,7.0,5.996,5.996,33.3413,52642.0,NA,8.0,NA,NA,NA,NA,7.0,2.0,3.0,8.0,102.529,5255.0
114.0,Probe List,animal,1.0,hippopotamus,hipopótamo,hipopòtam,5.0,2.0,10.0,2.0,2.0,0.88942,800.0,248.0,12.0,0.54902,NA,NA,NA,10.0,5.0,4.0,9.0,3.16075,162.0
116.0,Probe List,hygiene product/health,1.0,inhaler ,inhalador,inhalador,4.0,2.0,9.0,2.0,2.0,1.7788,447.0,NA,8.0,NA,NA,NA,NA,9.0,3.0,4.0,9.0,NA,NA
118.0,Probe List,object,1.0,Box,Caja ,Caixa ,2.0,2.0,5.0,2.0,2.0,NA,NA,NA,3.0,NA,NA,NA,NA,5.0,1.0,NA,6.0,NA,NA
121.0,Probe List,animal,1.0,giraffe,jirafa,girafa,3.0,2.0,6.0,2.0,2.0,1.9712,1433.0,1159.0,7.0,1.4902,0.0,381.0,NA,6.0,2.0,3.0,6.0,0.370705,19.0
123.0,Probe List,kitchen item,1.0,blender,licuadora/batidora,liquadora,4.0,2.0,8.5,2.0,2.0,NA,NA,3662.0,7.0,1.6667,NA,NA,NA,8.5,2.0,4.0,9.0,0.0195108,1.0
128.0,Probe List,hygiene product/health,1.0,mask,máscara,màscara,3.0,6.193,7.0,4.844,4.844,20.0,16628.0,17751.0,4.0,19.8039,NA,NA,NA,7.0,1.0,3.0,7.0,5.32645,273.0
130.0,Probe List,food/veg,1.0,onion,cebolla,ceba,3.0,6.406,7.0,6.433,6.433,6.1779,17256.0,13700.0,5.0,4.2353,632.0,550.0,617.0,7.0,2.0,2.0,4.0,12.3698,634.0
131.0,Probe List,animal,1.0,gorilla,gorila,goril·la,3.0,2.0,6.0,2.0,2.0,4.5433,2906.0,2768.0,7.0,5.549,620.0,554.0,634.0,6.0,3.0,3.0,8.0,1.2682,65.0
132.0,Probe List,hygiene product/health,2.0,shampoo,champú,xampú,2.0,2.0,6.0,2.0,2.0,3.7019,NA,3101.0,7.0,4.2157,NA,NA,NA,6.0,2.0,2.0,5.0,0.526792,27.0
135.0,Probe List,body part,1.0,Nose,Nariz ,Nas ,2.0,2.0,6.0,2.0,2.0,NA,NA,NA,4.0,NA,NA,NA,NA,6.0,1.0,NA,4.0,NA,NA
137.0,Probe List,animal,1.0,bear,oso,ós,2.0,5.342,3.0,6.383,6.383,27.5481,12676.0,53348.0,4.0,57.4118,585.0,526.0,572.0,3.0,1.0,1.0,2.0,9.5798,491.0
138.0,Probe List,office supply,0.0,Pencil sharpener,Sacapuntas,Maquineta,2.0,2.0,10.0,2.0,2.0,NA,NA,NA,16.0,NA,NA,NA,NA,10.0,5.0,NA,9.0,NA,NA
139.0,Probe List,place,1.0,kiosk,quiosco,quiosc,2.0,5.72,7.0,5.771,5.771,NA,1640.0,1070.0,5.0,0.45098,NA,NA,NA,7.0,2.0,2.0,6.0,2.79004,143.0
141.0,Probe List,clothing,1.0,Pijama,pijama,pijama,3.0,2.0,6.0,2.0,2.0,5.1683,3677.0,NA,6.0,NA,NA,NA,NA,6.0,3.0,3.0,6.0,2.45836,126.0
143.0,Probe List,profession/person,1.0,police,policía,policia,4.0,6.861,7.0,5.916,5.916,388.3173,235047.0,220863.0,6.0,236.1569,NA,NA,NA,7.0,2.0,4.0,7.0,36.9144,1892.0
148.0,Probe List,food/meal,2.0,Soup,sopa,sopa,2.0,6.227,4.0,6.164,6.164,25.8173,18087.0,NA,4.0,NA,NA,NA,NA,4.0,1.0,2.0,4.0,17.5207,898.0
150.0,Probe List,object,1.0,card,tarjeta,targeta,3.0,5.24,7.0,4.607,4.607,75.6731,89540.0,70486.0,4.0,85.4314,565.0,543.0,578.0,7.0,1.0,3.0,7.0,5.46302,280.0
154.0,Probe List,household item,1.0,Radiator,Radiador/estufa/calentador,Radiador,3.0,3.330666666666667,8.0,3.387333333333333,3.387333333333333,NA,NA,NA,8.0,NA,NA,NA,NA,8.0,3.0,NA,8.0,NA,NA
156.0,Probe List,transportation,1.0,sailboat,velero/barco,veler,2.5,4.1465,5.5,4.009,4.009,NA,NA,1192.0,8.0,1.6078,NA,NA,NA,5.5,2.0,2.0,5.0,5.71666,293.0
159.0,Probe List,food/veg,1.0,artichoke ,alcachofa,carxofa,4.0,2.0,9.0,2.0,2.0,0.86538,1342.0,NA,10.0,NA,NA,NA,NA,9.0,4.0,3.0,7.0,0.917008,47.0
161.0,Probe List,sports,1.0,basketball,bàsquet/baloncesto/básquebol,bàsquet,2.6666666666666665,3.424,8.666666666666666,3.5243333333333333,3.5243333333333333,NA,NA,39812.0,10.0,21.3922,NA,NA,NA,8.666666666666666,NA,2.0,7.0,1.46331,75.0
166.0,Probe List,person,1.0,child,niño,nen,2.0,6.39,4.0,6.177,6.177,268.8702,353335.0,242585.0,5.0,157.6471,581.0,585.0,619.0,4.0,1.0,1.0,3.0,77.3603,3965.0
168.0,Probe List,household item,1.0,hanger,percha/perchero/gancho,penjador,2.3333333333333335,4.497333333333334,6.666666666666667,4.339333333333333,4.339333333333333,NA,NA,1422.0,6.0,1.3529,NA,NA,NA,6.666666666666667,2.0,3.0,8.0,0.624346,32.0
171.0,Probe List,instrument,1.0,violin,violín,violí,2.0,6.398,6.0,6.321,6.321,4.5192,6698.0,4837.0,6.0,4.7451,626.0,468.0,606.0,6.0,3.0,3.0,5.0,10.77,552.0
173.0,Probe List,object,1.0,paddle,remo,rem,2.0,2.0,4.0,2.0,2.0,1.899,3200.0,3308.0,6.0,3.7451,NA,NA,NA,4.0,2.0,1.0,3.0,7.70677,395.0
177.0,Probe List,animal,1.0,shark,tiburón,tauró,3.0,2.0,7.0,2.0,2.0,13.8702,7564.0,8964.0,5.0,14.9804,611.0,516.0,602.0,7.0,1.0,2.0,5.0,0.97554,50.0
182.0,Probe List,hygene product/ health,0.0,brush,cepillo,raspall,3.0,6.003,7.0,5.499,5.499,9.4712,6854.0,19467.0,5.0,14.1569,589.0,579.0,570.0,7.0,1.0,2.0,7.0,3.21928,165.0
187.0,Probe List,transportation,1.0,stroller,cochecito/carrito,cotxet,3.5,2.0,8.0,2.0,2.0,NA,NA,1862.0,8.0,0.88235,NA,NA,NA,8.0,2.0,2.0,6.0,1.03407,53.0
188.0,Probe List,object,0.0,Fence,Valla,Tanca,2.0,2.0,5.0,2.0,2.0,NA,NA,NA,5.0,NA,NA,NA,NA,5.0,2.0,NA,5.0,NA,NA
194.0,Probe List,kitchen item,0.0,bottle,botella,ampolla,3.0,6.765,7.0,6.034,6.034,43.0769,31400.0,33515.0,6.0,50.7451,591.0,591.0,619.0,7.0,2.0,3.0,7.0,20.4863,1050.0
198.0,Probe List,household item,0.0,chair,silla,cadira,2.0,6.54,5.0,6.524,6.524,55.4567,37111.0,62880.0,5.0,49.2353,606.0,617.0,610.0,5.0,1.0,3.0,6.0,52.2109,2676.0
200.0,Probe List,household item,1.0,Vacuum cleaner,Aspiradora,aspirador,2.0,2.0,10.0,2.0,2.0,NA,NA,NA,14.0,NA,NA,NA,NA,10.0,4.0,4.0,9.0,0.25364,13.0
201.0,Probe List,transportation,1.0,Traffic lights,Semàforo,Semàfor,2.0,2.0,8.0,2.0,2.0,NA,NA,NA,14.0,NA,NA,NA,NA,8.0,3.0,NA,7.0,NA,NA
203.0,Probe List,nature,1.0,Planets,Planetas,Planetes,2.0,2.0,8.0,2.0,2.0,NA,NA,NA,7.0,NA,NA,NA,NA,8.0,2.0,NA,8.0,NA,NA
204.0,Probe List,transportation,1.0,sled,trineo,trineu,3.0,2.0,6.0,2.0,2.0,4.2788,1119.0,2215.0,4.0,2.9216,0.0,477.0,NA,6.0,1.0,2.0,6.0,0.74141,38.0
205.0,Probe List,hygiene product/health,1.0,Walking stick/cane,Bastón,Bastó,2.0,2.0,6.0,2.0,2.0,NA,NA,NA,8.5,NA,NA,NA,NA,6.0,2.0,NA,5.0,NA,NA
206.0,Probe List,tools,1.0,Saw,Serrucho,Serra,2.0,2.0,8.0,2.0,2.0,NA,NA,NA,3.0,NA,NA,NA,NA,8.0,1.0,NA,5.0,NA,NA
207.0,Probe List,household item,1.0,Cushions,Cojines,Coixins,2.0,2.0,7.0,2.0,2.0,NA,NA,NA,8.0,NA,NA,NA,NA,7.0,2.0,NA,7.0,NA,NA
208.0,Probe List,food/veg,1.0,Zucchini,Calabacín/calabaza,Carabassó,3.0,2.0,8.5,2.0,2.0,NA,NA,NA,8.0,NA,NA,NA,NA,8.5,3.0,NA,9.0,NA,NA
209.0,Probe List,kitchen item,1.0,Juicer,Exprimidor,Espremedor,2.0,2.0,10.0,2.0,2.0,NA,NA,NA,6.0,NA,NA,NA,NA,10.0,2.0,NA,10.0,NA,NA
210.0,Probe List,household item,1.0,Dresser,Cajonera,Calaixera,2.0,2.0,8.0,2.0,2.0,NA,NA,NA,7.0,NA,NA,NA,NA,8.0,2.0,NA,9.0,NA,NA
211.0,Probe List,food/veg,2.0,cabbage,repollo/col,col,2.0,2.0,5.0,2.0,2.0,NA,NA,4465.0,7.0,2.902,611.0,504.0,573.0,5.0,2.0,1.0,3.0,8.3116,426.0
212.0,Probe List,object,1.0,Fishbowl,Pecera,Peixera,2.0,2.0,6.0,2.0,2.0,NA,NA,NA,8.0,NA,NA,NA,NA,6.0,2.0,NA,7.0,NA,NA
213.0,Probe List,transportation,1.0,Tow,Remolque/grúa,Remolc,2.0,2.0,6.0,2.0,2.0,NA,NA,NA,3.0,NA,NA,NA,NA,6.0,1.0,NA,6.0,NA,NA
214.0,Probe List,household item,1.0,Laundry basket,Cestón,Cistella,2.0,2.0,6.0,2.0,2.0,NA,NA,NA,14.0,NA,NA,NA,NA,6.0,4.0,NA,8.0,NA,NA
215.0,Probe List,hygiene product/health,1.0,Nail file,Lima,lima,2.0,2.0,4.0,2.0,2.0,NA,NA,NA,9.0,NA,NA,NA,NA,4.0,3.0,2.0,4.0,NA,NA
216.0,Probe List,object,1.0,Pool float/floatie,Flotador,Flotador,2.0,2.0,8.0,2.0,2.0,NA,NA,NA,8.5,NA,NA,NA,NA,8.0,2.0,NA,8.0,NA,NA
217.0,Probe List,place,2.0,Cabin,Cabaña,Cabanya,2.0,2.0,6.0,2.0,2.0,NA,NA,NA,5.0,NA,NA,NA,NA,6.0,2.0,NA,7.0,NA,NA
218.0,Probe List,object,1.0,Mailbox,Buzón,Bústia,2.0,2.0,5.0,2.0,2.0,NA,NA,NA,7.0,NA,NA,NA,NA,5.0,2.0,NA,6.0,NA,NA
219.0,Probe List,kitchen item,1.0,Sponge,Esponja,Esponja,2.0,2.0,7.0,2.0,2.0,NA,NA,NA,6.0,NA,NA,NA,NA,7.0,2.0,NA,7.0,NA,NA
221.0,Probe List,kitchen item,1.0,Cup,Taza,Tassa,2.0,2.0,4.0,2.0,2.0,NA,NA,NA,3.0,NA,NA,NA,NA,4.0,1.0,NA,5.0,NA,NA
222.0,Probe List,electronics,1.0,Microphone,Micrófono,Micròfon,2.0,2.0,9.0,2.0,2.0,NA,NA,NA,10.0,NA,NA,NA,NA,9.0,4.0,NA,8.0,NA,NA
223.0,Probe List,food/veg,1.0,Pepper,Pimiento ,Pebrot ,2.0,2.0,9.0,2.0,2.0,NA,NA,NA,6.0,NA,NA,NA,NA,9.0,2.0,NA,7.0,NA,NA
224.0,Probe List,object,1.0,Street light,Farola,Fanal,2.0,2.0,6.0,2.0,2.0,NA,NA,NA,12.0,NA,NA,NA,NA,6.0,2.0,NA,5.0,NA,NA
226.0,Probe List,household item,1.0,Mop,Fregona/trapeadora/mapo,fregona,2.0,2.0,7.0,2.0,2.0,NA,NA,NA,3.0,NA,NA,NA,NA,7.0,1.0,3.0,7.0,0.117065,6.0
227.0,Probe List,hygiene product/health,1.0,Syringe,Jeringuilla/jeringa,Xeringa,2.5,2.0,9.0,2.0,2.0,NA,NA,NA,7.0,NA,NA,NA,NA,9.0,3.0,NA,7.0,NA,NA
228.0,Probe List,object,2.0,Rearview,Retrovisor,Retrovisor,2.0,2.0,10.0,2.0,2.0,NA,NA,NA,8.0,NA,NA,NA,NA,10.0,2.0,NA,10.0,NA,NA
229.0,Probe List,instrument,2.0,Tambourine,Pandereta,Pandereta,2.0,2.0,9.0,2.0,2.0,NA,NA,NA,10.0,NA,NA,NA,NA,9.0,4.0,NA,9.0,NA,NA
230.0,Probe List,transportation/tools,2.0,Excavator,Excavadora,Excavadora,2.0,2.0,10.0,2.0,2.0,NA,NA,NA,9.0,NA,NA,NA,NA,10.0,4.0,NA,10.0,NA,NA
231.0,Probe List,household item,1.0,Coat rack,Perchero,Penjarrobes/Penjador,2.0,2.0,8.0,2.0,2.0,NA,NA,NA,9.0,NA,NA,NA,NA,8.0,2.0,NA,9.5,NA,NA
232.0,Probe List,kitchen item,1.0,stove,estufa/cocina,estufa/cuina,3.0,6.0255,6.0,6.103,6.103,NA,NA,9230.0,5.0,7.5882,591.0,525.0,592.0,6.0,1.0,NA,5.5,NA,NA
233.0,Probe List,tools,1.0,Hammer,Martillo,Martell,2.0,2.0,8.0,2.0,2.0,NA,NA,NA,6.0,NA,NA,NA,NA,8.0,2.0,NA,7.0,NA,NA
234.0,Probe List,food/dessert,1.0,chocolate,chocolate,xocolata,4.0,6.624,9.0,6.127,6.127,47.1154,39556.0,26236.0,9.0,29.3922,576.0,560.0,611.0,9.0,3.0,4.0,8.0,13.1503,674.0
235.0,Probe List,sport,2.0,tennis,tenis,tennis,2.0,5.495,5.0,6.018,6.018,18.75,19356.0,17051.0,6.0,13.6275,574.0,528.0,634.0,5.0,2.0,2.0,6.0,2.65347,136.0
236.0,Probe List,clothing,1.0,Glove,Guante ,Guant ,2.0,2.0,7.0,2.0,2.0,NA,NA,NA,5.0,NA,NA,NA,NA,7.0,2.0,NA,6.0,NA,NA
237.0,Probe List,household item,1.0,thermostat,termostato,termòstat,4.0,2.0,10.0,2.0,2.0,1.3702,1710.0,1253.0,10.0,1.1373,NA,NA,NA,10.0,3.0,3.0,9.0,0.156086,8.0
239.0,Probe List,kitchen item,1.0,toaster,tostadora,torradora,4.0,2.0,9.0,2.0,2.0,2.5721,607.0,1749.0,7.0,3.8824,579.0,520.0,580.0,9.0,2.0,4.0,9.0,0.448748,23.0
240.0,Probe List,animal,1.0,Dolphin,delfín,dofí,2.0,2.0,6.0,2.0,2.0,3.2933,4178.0,NA,7.0,NA,NA,NA,NA,6.0,2.0,2.0,4.0,1.48282,76.0
241.0,Probe List,transportation,1.0,bicycle,bicicleta,bicicleta,4.0,6.578,9.0,6.8,6.8,24.4712,32332.0,9663.0,7.0,6.6078,NA,NA,NA,9.0,3.0,4.0,9.0,6.88731,353.0
242.0,Probe List,tools,2.0,chain,cadena,cadena,3.0,6.443,6.0,4.143,4.143,32.5962,109690.0,32845.0,5.0,21.2157,595.0,513.0,559.0,6.0,1.0,3.0,6.0,29.0126,1487.0
243.0,Probe List,accessory,1.0,bag,bolsa,bossa,2.0,5.035,5.0,4.724,4.724,73.9423,65638.0,62855.0,3.0,94.0392,603.0,634.0,570.0,5.0,1.0,2.0,5.0,18.9255,970.0
244.0,Probe List,kitchen item,1.0,plate,plato,plat,2.0,2.0,5.0,2.0,2.0,27.7644,44449.0,34843.0,5.0,25.6471,595.0,556.0,527.0,5.0,1.0,1.0,4.0,42.514,2179.0
245.0,Probe List,tools,1.0,hook,gancho,ganxo,2.0,4.878,6.0,4.658,4.658,6.4663,5700.0,19926.0,4.0,38.0,525.0,497.0,541.0,6.0,1.0,2.0,5.0,5.34596,274.0
246.0,Probe List,hygiene product/ health,1.0,deodorant,desodorante,desodorant,5.0,2.0,11.0,2.0,2.0,2.9567,2276.0,1061.0,9.0,1.6078,NA,NA,NA,11.0,4.0,4.0,10.0,0.117065,6.0
247.0,Probe List,tools,1.0,rake,rastrillo,rasclet,3.0,2.0,9.0,2.0,2.0,1.2981,674.0,2344.0,4.0,2.9804,597.0,476.0,550.0,9.0,1.0,2.0,7.0,0.604835,31.0
248.0,Probe List,animal,1.0,snail,caracol,caragol,3.0,6.535,7.0,6.126,6.126,2.3798,15310.0,1906.0,5.0,1.7647,579.0,489.0,577.0,7.0,1.0,3.0,7.0,3.92167,201.0
249.0,Probe List,place,1.0,garden,jardín,jardí,2.0,5.864,6.0,6.261,6.261,39.5192,47622.0,56364.0,6.0,26.549,602.0,567.0,635.0,6.0,2.0,2.0,5.0,68.8926,3531.0
250.0,Probe List,food/fruit,2.0,kiwi,kiwi,kiwi,2.0,2.0,4.0,2.0,2.0,1.25,2152.0,941.0,4.0,0.78431,NA,NA,NA,4.0,2.0,2.0,4.0,NA,NA
251.0,Probe List,animal,1.0,dragonfly,libélula,libèl·lula,4.0,2.0,8.0,2.0,2.0,1.1058,557.0,573.0,9.0,2.8431,NA,NA,NA,8.0,NA,4.0,10.0,0.370705,19.0
252.0,Probe List,tools,1.0,paintbrush,pincel,pinzell,2.0,5.86,6.0,6.346,6.346,1.3702,5567.0,709.0,10.0,0.52941,NA,NA,NA,6.0,2.0,2.0,7.0,6.26297,321.0
253.0,Probe List,place,1.0,theater,teatro,teatre,3.0,6.03,6.0,6.034,6.034,38.125,123031.0,42399.0,7.0,24.0392,NA,NA,NA,6.0,2.0,3.0,6.0,119.582,6129.0
254.0,Probe List,transportation,2.0,motorcycle,moto/motocicleta/motora,moto,3.3333333333333335,3.6326666666666667,7.0,3.1133333333333333,3.1133333333333333,NA,NA,6753.0,10.0,8.9216,NA,NA,NA,7.0,4.0,2.0,4.0,3.92167,201.0
255.0,Probe List,body part,1.0,ear,Oreja ,Orella ,2.0,2.0,6.0,2.0,2.0,NA,NA,30738.0,3.0,32.0,337.0,582.0,408.0,6.0,1.0,NA,7.0,NA,NA
256.0,Probe List,tools,2.0,shovel,pala,pala,2.0,6.263,4.0,5.479,5.479,6.4423,4554.0,4442.0,6.0,6.8431,581.0,528.0,538.0,4.0,2.0,2.0,4.0,6.75074,346.0
257.0,Probe List,place,1.0,castle,castillo,castell,3.0,6.346,8.0,5.914,5.914,21.2981,56232.0,15378.0,6.0,21.549,0.0,415.0,NA,8.0,2.0,2.0,7.0,82.2575,4216.0
258.0,Probe List,kitchen item,1.0,microwave,microondas,microones,4.0,2.0,10.0,2.0,2.0,6.4183,9502.0,6761.0,9.0,3.902,NA,NA,NA,10.0,NA,4.0,9.0,0.156086,8.0
260.0,Probe List,animal,1.0,parrot,loro/perico/cotorra,lloro,2.6666666666666665,3.369666666666667,5.666666666666667,3.4470000000000005,3.4470000000000005,NA,NA,2468.0,6.0,3.2745,NA,NA,NA,5.666666666666667,2.0,2.0,5.0,4.66308,239.0
261.0,Probe List,household item,1.0,door,puerta,porta,2.0,5.804,6.0,6.323,6.323,328.8702,174870.0,210291.0,4.0,292.0588,606.0,630.0,599.0,6.0,1.0,2.0,5.0,458.543,23502.0
262.0,Probe List,instrument,2.0,drum,tambor/batería,tambor/bateria,3.0,6.0634999999999994,6.5,5.3485,5.3485,NA,NA,8932.0,4.0,8.4706,602.0,506.0,599.0,6.5,1.0,NA,6.5,NA,NA
263.0,Probe List,food/veg,2.0,beet,remolacha,remolatxa,4.0,2.0,9.0,2.0,2.0,1.2019,2764.0,1238.0,4.0,NA,645.0,497.0,555.0,9.0,1.0,4.0,9.0,3.08271,158.0
264.0,Probe List,body part,1.0,nails ,uñas,ungles,2.0,2.0,4.0,2.0,2.0,17.0433,26387.0,NA,6.0,NA,NA,NA,NA,4.0,1.0,2.0,6.0,15.3745,788.0
266.0,Probe List,object,2.0,wallet,cartera ,cartera,2.0,2.0,8.0,2.0,2.0,NA,NA,10782.0,6.0,22.8039,584.0,558.0,617.0,8.0,2.0,3.0,7.0,12.6235,647.0
267.0,Probe List,food/veg,1.0,tomato,tomate/jitomate,tomàquet,2.5,4.314,7.0,4.208,4.208,NA,NA,10946.0,6.0,5.902,662.0,574.0,610.0,7.0,3.0,3.0,8.0,7.00438,359.0
270.0,Probe List,object,1.0,thread,hilo,fil,2.0,6.37,4.0,5.825,5.825,9.3029,31026.0,18914.0,6.0,5.1569,607.0,522.0,568.0,4.0,1.0,1.0,3.0,56.6984,2906.0
271.0,Probe List,food/fruit,1.0,cherry,cereza,cirera,3.0,2.0,6.0,2.0,2.0,4.8317,2520.0,11529.0,6.0,13.5882,611.0,514.0,582.0,6.0,2.0,3.0,6.0,3.31684,170.0
272.0,Probe List,clothing,1.0,coat,abrigo,abric,3.0,6.72,6.0,4.983,4.983,25.3365,11510.0,28202.0,4.0,42.0784,601.0,610.0,572.0,6.0,1.0,2.0,5.0,13.5015,692.0
273.0,Probe List,animal/part,1.0,hoof,pezuña,peülla,3.0,2.0,6.0,2.0,2.0,NA,533.0,1010.0,4.0,1.7255,596.0,401.0,598.0,6.0,1.0,3.0,6.0,0.468259,24.0
274.0,Probe List,nature,1.0,lightning,relámpago/rayo,llampec/llamp,3.0,6.221,6.5,5.9079999999999995,5.9079999999999995,NA,NA,13203.0,9.0,14.1373,525.0,465.0,599.0,6.5,2.0,NA,6.0,NA,NA
275.0,Probe List,kitchen item,2.0,pot,olla,olla ,2.0,6.186,4.0,5.962,5.962,4.4712,14287.0,26348.0,3.0,22.5294,584.0,577.0,598.0,4.0,1.0,NA,5.0,NA,NA
276.0,Probe List,object,2.0,sprinkler,aspersor,aspersor/ruixador,3.0,2.0,8.0,2.0,2.0,NA,128.0,1022.0,9.0,0.92157,NA,NA,NA,8.0,2.0,NA,8.0,NA,NA
277.0,Probe List,place,1.0,bathroom,baño/lavabo,bany or lavabo,2.5,6.4735,5.0,5.856999999999999,5.856999999999999,NA,NA,35094.0,8.0,61.6667,NA,NA,NA,5.0,2.0,NA,14.0,NA,NA
278.0,Probe List,animal,1.0,penguin,pingüino,pingüí,3.0,2.0,8.0,2.0,2.0,3.75,2472.0,4321.0,7.0,2.8824,0.0,360.0,NA,8.0,2.0,2.0,6.0,0.0780432,4.0
279.0,Probe List,kitchen item,1.0,pitcher,jarra,gerra,2.0,5.829,5.0,6.259,6.259,3.6779,2478.0,12010.0,7.0,3.2353,NA,NA,NA,5.0,2.0,2.0,5.0,6.59465,338.0
280.0,Probe List,animal,1.0,eagle,águila,àguila,3.0,5.591,6.0,6.406,6.406,4.4712,NA,11420.0,5.0,11.4902,616.0,465.0,601.0,6.0,2.0,3.0,6.0,5.67764,291.0
281.0,Probe List,professional/person,1.0,dentist,dentista,dentista,3.0,2.0,8.0,2.0,2.0,15.601,7902.0,6082.0,7.0,11.1961,607.0,563.0,622.0,8.0,2.0,3.0,8.0,2.39983,123.0
282.0,Probe List,electronics,1.0,headphones,auriculares,auriculars,5.0,2.0,11.0,2.0,2.0,2.476,5473.0,3755.0,10.0,1.5686,NA,NA,NA,11.0,NA,4.0,10.0,0.917008,47.0
284.0,Probe List,animal,1.0,horse,caballo,cavall,3.0,6.648,7.0,6.228,6.228,62.1635,46523.0,44581.0,5.0,92.8824,613.0,560.0,624.0,7.0,1.0,2.0,6.0,80.1504,4108.0
285.0,Probe List,kitchen item,1.0,spatula,espátula,espàtula,4.0,2.0,8.0,2.0,2.0,0.86538,1745.0,1678.0,7.0,1.098,NA,NA,NA,8.0,3.0,4.0,8.0,2.06814,106.0
286.0,Probe List,object,1.0,Diamond,diamante,diamant,3.0,2.0,8.0,2.0,2.0,13.2452,8822.0,NA,7.0,NA,NA,NA,NA,8.0,2.0,3.0,7.0,6.08737,312.0
287.0,Probe List,transportation,1.0,gondola,góndola,gòndola,3.0,2.0,7.0,2.0,2.0,NA,1206.0,991.0,7.0,0.72549,606.0,291.0,572.0,7.0,3.0,NA,7.0,0.23413,12.0
288.0,Probe List,animal,1.0,crocodile,cocodrilo ,cocodril ,2.0,2.0,10.0,2.0,2.0,NA,NA,1915.0,9.0,2.2549,583.0,456.0,601.0,10.0,3.0,NA,9.0,NA,NA
289.0,Probe List,body part,1.0,Arm,Brazo ,Braç ,2.0,2.0,6.0,2.0,2.0,NA,NA,NA,3.0,NA,NA,NA,NA,6.0,1.0,NA,5.0,NA,NA
290.0,Probe List,object,1.0,zipper,cremallera/cierra,cremallera,3.0,3.5635,8.0,3.91,3.91,NA,NA,2237.0,6.0,2.8235,NA,NA,NA,8.0,2.0,4.0,10.0,1.19016,61.0
291.0,Probe List,animal,1.0,beetle,escarabajo,escarabat,5.0,2.0,10.0,2.0,2.0,1.9712,2464.0,2871.0,6.0,2.0588,619.0,503.0,640.0,10.0,2.0,4.0,9.0,3.2583,167.0
292.0,Probe List,drink,1.0,coffee,café,cafè,2.0,2.0,4.0,6.203,6.203,155.9135,NA,69798.0,6.0,144.5294,613.0,625.0,618.0,4.0,2.0,2.0,4.0,65.927,3379.0
293.0,Probe List,kitchen item,2.0,thermos,termo,termo,2.0,2.0,5.0,2.0,2.0,1.4663,1804.0,989.0,7.0,1.1176,NA,NA,NA,5.0,2.0,2.0,5.0,0.117065,6.0
294.0,Probe List,transportation,1.0,helicopter,helicóptero,helicòpter,5.0,2.0,11.0,2.0,2.0,30.625,10335.0,12244.0,10.0,15.8039,NA,NA,NA,11.0,4.0,4.0,10.0,1.17065,60.0
295.0,Probe List,object,1.0,hieroglyphics,jeroglíficos,jeroglífics,5.0,2.0,12.0,2.0,2.0,0.98558,1364.0,386.0,13.0,0.43137,NA,NA,NA,12.0,4.0,4.0,11.0,0.799943,41.0
296.0,Probe List,clothing,1.0,blouse,blusa,brusa,2.0,5.195,5.0,6.4,6.4,8.8462,4959.0,4681.0,6.0,5.3333,640.0,562.0,595.0,5.0,1.0,2.0,5.0,8.05796,413.0
297.0,Probe List,accessory,2.0,bracelet,pulsera/brazalete,pulsera/braçalet,3.5,3.977,8.0,6.0895,6.0895,NA,NA,4235.0,8.0,7.8039,602.0,547.0,606.0,8.0,2.0,NA,7.5,NA,NA
298.0,Probe List,object,1.0,book,libro,llibre,2.0,6.261,5.0,6.066,6.066,159.7356,591886.0,303554.0,4.0,176.9804,609.0,643.0,591.0,5.0,1.0,2.0,6.0,209.546,10740.0
299.0,Probe List,electronics,1.0,keyboard,teclado,teclat,3.0,2.0,7.0,2.0,2.0,3.0288,26209.0,9959.0,8.0,1.8039,NA,NA,NA,7.0,2.0,2.0,6.0,1.93157,99.0
300.0,Probe List,clothing,1.0,tie,Corbata,corbata,2.0,2.0,7.0,2.0,2.0,NA,NA,30048.0,3.0,44.4314,568.0,559.0,551.0,7.0,1.0,3.0,7.0,12.5064,641.0
301.0,Probe List,object,1.0,microscope,microscopio,microscopi,4.0,6.011,11.0,6.69,6.69,2.8365,5836.0,3853.0,10.0,2.5294,591.0,493.0,617.0,11.0,3.0,4.0,10.0,5.58009,286.0
302.0,Probe List,plant,2.0,palm,palmera/palma,palmera,2.5,4.2085,6.0,3.025,3.025,NA,NA,21943.0,4.0,13.2353,596.0,515.0,555.0,6.0,1.0,3.0,7.0,4.93623,253.0
303.0,Probe List,tool,1.0,wheelbarrow,carretilla,carretó,4.0,2.0,10.0,2.0,2.0,1.8029,1327.0,867.0,11.0,0.60784,NA,NA,NA,10.0,3.0,3.0,7.0,4.17531,214.0
304.0,Probe List,object,1.0,pedal,pedal,pedal,2.0,2.0,5.0,2.0,2.0,1.3462,3671.0,3977.0,5.0,2.0392,NA,NA,NA,5.0,2.0,2.0,5.0,1.48282,76.0
305.0,Probe List,animal,2.0,Rat,rata/ratón,rata/ratolí,2.0,6.1815,4.5,6.2445,6.2445,NA,NA,NA,3.0,NA,NA,NA,NA,4.5,1.0,NA,5.0,NA,NA
306.0,Probe List,body part,1.0,Foot,Pie ,Peu ,2.0,2.0,4.0,2.0,2.0,NA,NA,NA,4.0,NA,NA,NA,NA,4.0,1.0,NA,4.0,NA,NA
308.0,Probe List,object,1.0,basket,cesta,cistella,2.0,6.057,5.0,5.811,5.811,3.7019,4592.0,13011.0,6.0,13.1765,606.0,485.0,560.0,5.0,2.0,3.0,8.0,4.1558,213.0
309.0,Probe List,professional/person,1.0,magician,mago,mag,2.0,5.773,4.0,5.415,5.415,16.5144,14980.0,3642.0,8.0,7.6471,560.0,528.0,569.0,4.0,3.0,1.0,3.0,0.585324,30.0
310.0,Probe List,object,1.0,podium,podio,podi,2.0,2.0,5.0,2.0,2.0,1.4423,7864.0,4401.0,6.0,1.2745,546.0,455.0,508.0,5.0,2.0,2.0,4.0,0.23413,12.0
311.0,Probe List,animal,1.0,camel,camello,camell,3.0,2.0,7.0,2.0,2.0,5.625,3832.0,3672.0,5.0,5.0196,597.0,421.0,561.0,7.0,2.0,2.0,6.0,3.84363,197.0
312.0,Probe List,transportation,2.0,trailer,trailer/caravana,trailer/ caravana/ rilot,3.0,3.7005,7.5,3.623,3.623,NA,NA,14138.0,7.0,11.3529,597.0,528.0,587.0,7.5,2.0,NA,7.333333333333333,NA,NA
313.0,Probe List,object,1.0,needle,aguja,agulla,3.0,5.93,5.0,5.875,5.875,11.226,11930.0,9273.0,6.0,11.9216,NA,NA,NA,5.0,2.0,3.0,6.0,22.9642,1177.0
314.0,Probe List,nature,1.0,tornado,tornado,tornado,3.0,2.0,7.0,2.0,2.0,4.0385,5153.0,5826.0,7.0,2.549,644.0,484.0,591.0,7.0,3.0,3.0,7.0,0.097554,5.0
315.0,Probe List,object,2.0,velcro,velcro,velcro,2.0,2.0,6.0,2.0,2.0,1.0337,666.0,949.0,6.0,0.84314,NA,NA,NA,6.0,2.0,2.0,6.0,NA,NA
316.0,Probe List,transportation,2.0,train,tren,tren,1.0,6.528,4.0,6.188,6.188,70.9856,57269.0,58945.0,5.0,95.0588,592.0,548.0,593.0,4.0,1.0,1.0,4.0,47.4308,2431.0
317.0,Probe List,animal,1.0,ladybug,mariquita/catarina/chinita,marieta,3.6666666666666665,3.364333333333333,8.0,3.16,3.16,NA,NA,339.0,7.0,0.39216,NA,NA,NA,8.0,3.0,4.0,7.0,0.917008,47.0
318.0,Probe List,place,1.0,wardrobe,armario ,armari,2.0,2.0,8.0,2.0,2.0,NA,NA,4933.0,8.0,6.4706,NA,NA,NA,8.0,2.0,3.0,6.0,16.8183,862.0
319.0,Probe List,animal,1.0,zebra,cebra,zebra,2.0,2.0,5.0,2.0,2.0,1.8029,2128.0,1652.0,5.0,2.5098,NA,NA,NA,5.0,2.0,2.0,5.0,0.526792,27.0
320.0,Probe List,accessory,1.0,ring,anillo,anell,3.0,6.611,6.0,5.952,5.952,59.7356,25466.0,48322.0,4.0,92.7451,593.0,589.0,601.0,6.0,1.0,2.0,5.0,16.9744,870.0
322.0,Probe List,food/snack,1.0,raisins ,Pasas,panses,2.0,2.0,5.0,2.0,2.0,NA,NA,NA,8.0,NA,NA,NA,NA,5.0,2.0,2.0,6.0,3.16075,162.0
329.0,Probe List,games,1.0,ball,pelota,pilota,3.0,6.211,6.0,5.92,5.92,40.4808,47083.0,90567.0,4.0,104.9608,615.0,575.0,622.0,6.0,1.0,3.0,6.0,29.6174,1518.0
324.0,Probe List,place,1.0,airport,aeropuerto,aeroport,5.0,6.356,10.0,6.118,6.118,47.5962,57367.0,36793.0,7.0,38.0392,NA,NA,NA,10.0,2.0,4.0,8.0,2.79004,143.0
325.0,Probe List,animal,2.0,goat ,cabra,cabra,2.0,6.111,5.0,6.22,6.22,10.024,7591.0,NA,5.0,NA,NA,NA,NA,5.0,1.0,2.0,5.0,11.5894,594.0
326.0,Probe List,professional/person,1.0,referee,árbitro,àrbitre,3.0,2.0,7.0,2.0,2.0,4.399,NA,2943.0,7.0,3.5882,554.0,534.0,564.0,7.0,3.0,3.0,7.0,7.70677,395.0
331.0,Probe List,kitchen item,1.0,whisk,batidora,batedor/minipimer,4.0,2.0,8.0,2.0,2.0,NA,2766.0,4947.0,5.0,0.56863,NA,NA,NA,8.0,1.0,NA,8.0,NA,NA
323.0,Probe List,transportation,1.0,airplane,avión,avió,2.0,5.81,5.0,6.249,6.249,123.0529,65364.0,11115.0,8.0,10.9216,NA,NA,NA,5.0,2.0,3.0,4.0,9.63833,494.0
327.0,Probe List,place,1.0,Desert,Desierto,desert,2.0,2.0,8.0,2.0,2.0,NA,NA,NA,6.0,NA,NA,NA,NA,8.0,2.0,2.0,6.0,34.2805,1757.0
330.0,Probe List,animal,1.0,fish,pez/peces,peix/peixos,1.5,4.385,4.0,3.587,3.587,NA,NA,82524.0,4.0,83.4902,597.0,548.0,615.0,4.0,1.0,NA,5.0,NA,NA
328.0,Probe List,object,1.0,umbrella,paraguas/sombrilla,paraigua,3.0,5.7095,8.5,5.8580000000000005,5.8580000000000005,NA,NA,6797.0,8.0,7.4902,606.0,511.0,592.0,8.5,3.0,3.0,8.0,6.94584,356.0
332.0,Probe List,food/veg,1.0,broccoli,brócoli,bròquil,3.0,2.0,7.0,2.0,2.0,2.0433,3489.0,4537.0,8.0,2.2745,NA,NA,NA,7.0,3.0,2.0,7.0,0.760921,39.0
333.0,Probe List,office supply,2.0,calculator,calculadora,calculadora,5.0,2.0,11.0,2.0,2.0,1.4904,5737.0,2424.0,10.0,1.2941,NA,NA,NA,11.0,4.0,5.0,11.0,0.48777,25.0
334.0,Probe List,animal,1.0,cobra,cobra/serpiente/víbora,cobra/serp/víbora,2.6666666666666665,4.561333333333334,6.666666666666667,4.252666666666666,4.252666666666666,NA,NA,2343.0,5.0,3.3333,NA,NA,NA,6.666666666666667,2.0,NA,5.0,NA,NA
335.0,Probe List,plant,1.0,flower,flor,flor,1.0,6.306,4.0,5.658,5.658,16.6346,42476.0,16277.0,6.0,22.7647,584.0,566.0,618.0,4.0,2.0,1.0,4.0,94.3152,4834.0
336.0,Probe List,object,2.0,pearl,perla,perla,2.0,2.0,5.0,2.0,2.0,3.8702,9995.0,11989.0,5.0,15.6667,597.0,508.0,590.0,5.0,1.0,2.0,5.0,10.4188,534.0
337.0,Probe List,clothing,2.0,cap,gorra,gorra,2.0,6.091,5.0,5.63,5.63,8.75,5757.0,26200.0,3.0,18.7451,0.0,429.0,NA,5.0,1.0,2.0,5.0,16.7403,858.0
338.0,Probe List,hygene product/ health,1.0,medication,medicación/medicina/medicamento/pastillas,medicació,4.0,2.795,9.5,2.77325,2.77325,NA,NA,15452.0,10.0,12.7843,NA,NA,NA,9.5,4.0,5.0,9.0,3.49243,179.0
339.0,Probe List,place,1.0,greenhouse,invernadero,hivernacle,5.0,5.863,11.0,6.003,6.003,2.2115,13139.0,10452.0,10.0,2.1961,NA,NA,NA,11.0,2.0,4.0,10.0,0.799943,41.0
340.0,Probe List,household item,1.0,sink,pica/fregadero,pica/fregadero,3.0,2.0,6.5,4.141,4.141,NA,NA,19461.0,4.0,16.9216,590.0,586.0,599.0,6.5,1.0,NA,6.5,NA,NA
341.0,Probe List,accesory,1.0,briefcase,maletín,maletí,3.0,6.325,7.0,5.996,5.996,15.7212,3765.0,4387.0,9.0,8.5882,NA,NA,NA,7.0,NA,3.0,6.0,1.19016,61.0
342.0,Probe List,object,1.0,lantern,linterna,llanterna,3.0,5.793,8.0,6.373,6.373,10.2404,5296.0,3337.0,7.0,2.0196,630.0,441.0,575.0,8.0,2.0,3.0,9.0,6.63367,340.0
343.0,Probe List,nature,2.0,waterfall,cascada,cascada,3.0,6.228,7.0,6.213,6.213,2.4519,6844.0,2719.0,9.0,1.8627,NA,NA,NA,7.0,3.0,3.0,7.0,3.90216,200.0
344.0,Probe List,food/fruit,2.0,blackberry/blackberries,móra/móras,mora/mores,2.0,2.0,4.5,2.0,2.0,NA,NA,NA,11.0,NA,NA,NA,NA,4.5,3.0,NA,4.5,NA,NA
346.0,Probe List,place,1.0,forest,bosque,bosc,2.0,6.239,6.0,5.902,5.902,54.1827,53933.0,49549.0,6.0,18.8824,609.0,513.0,633.0,6.0,2.0,1.0,4.0,71.6632,3673.0
347.0,Probe List,professional/person,1.0,pilot,piloto,pilot,3.0,5.389,6.0,5.407,5.407,33.6298,43329.0,29393.0,5.0,26.6667,NA,NA,NA,6.0,2.0,2.0,5.0,10.3602,531.0
348.0,Probe List,place,2.0,tunnel,túnel,túnel,2.0,6.207,5.0,6.031,6.031,21.4423,16070.0,14717.0,6.0,17.8824,555.0,541.0,578.0,5.0,2.0,2.0,5.0,5.32645,273.0
349.0,Probe List,kitchen item,2.0,grater ,rallador,ratllador,3.0,2.0,8.0,2.0,2.0,NA,205.0,NA,7.0,NA,NA,NA,NA,8.0,2.0,3.0,9.0,0.117065,6.0
350.0,Probe List,instrument,2.0,guitar,guitarra,guitarra,3.0,6.687,8.0,5.921,5.921,17.5962,39569.0,18105.0,6.0,15.5882,0.0,550.0,NA,8.0,2.0,3.0,8.0,9.42372,483.0
351.0,Probe List,office supply,2.0,ruler,regla,regle,2.0,5.585,5.0,4.941,4.941,34.8558,71062.0,5032.0,5.0,3.1765,555.0,571.0,543.0,5.0,2.0,2.0,5.0,2.06814,106.0
352.0,Probe List,transportation,2.0,Cab,Taxi,taxi,2.0,2.0,4.0,2.0,2.0,NA,NA,NA,3.0,NA,NA,NA,NA,4.0,1.0,2.0,4.0,6.08737,312.0
354.0,Probe List,object,1.0,telescope,telescopio,telescopi,4.0,5.551,10.0,6.525,6.525,4.351,11107.0,14911.0,9.0,2.9412,592.0,461.0,596.0,10.0,3.0,4.0,9.0,3.10222,159.0
356.0,Probe List,food/fruit,1.0,cantaloupe ,melón,meló,2.0,2.0,5.0,2.0,2.0,3.101,3633.0,NA,11.0,NA,NA,NA,NA,5.0,4.0,2.0,4.0,3.64852,187.0
358.0,Probe List,food/meal,1.0,spanish tortilla,tortilla,truita,3.0,5.991,8.0,5.844,5.844,6.9712,7435.0,NA,16.0,NA,NA,NA,NA,8.0,5.0,2.0,6.0,7.12144,365.0
359.0,Probe List,electronics,2.0,battery,pila,pila,2.0,6.028,4.0,5.23,5.23,11.5144,12153.0,19465.0,7.0,12.4118,NA,NA,NA,4.0,3.0,2.0,4.0,21.2668,1090.0
360.0,Probe List,object,1.0,trophy,trofeo/copa,Trofeu,2.5,5.699999999999999,5.0,5.4445,5.4445,NA,NA,7737.0,6.0,7.549,NA,NA,NA,5.0,2.0,NA,6.0,NA,NA
361.0,Probe List,place,1.0,cemetery,cementerio,cementiri,4.0,6.406,10.0,6.344,6.344,18.3654,23141.0,9685.0,8.0,8.6863,NA,NA,NA,10.0,3.0,4.0,9.0,27.8809,1429.0
362.0,Probe List,household item,1.0,stool,taburete,tamboret,4.0,5.859,8.0,6.137,6.137,1.1058,1250.0,5321.0,5.0,3.5098,592.0,531.0,584.0,8.0,1.0,3.0,8.0,4.58504,235.0
363.0,Probe List,clothing,2.0,boot,bota,bota,2.0,6.749,4.0,5.429,5.429,5.1202,5298.0,13328.0,4.0,11.1373,595.0,566.0,604.0,4.0,1.0,2.0,4.0,6.45807,331.0
364.0,Probe List,drink,1.0,juice,jugo/zumo,suc,2.0,6.1705000000000005,4.0,4.9384999999999994,4.9384999999999994,NA,NA,26393.0,5.0,26.8824,599.0,567.0,593.0,4.0,1.0,1.0,3.0,22.3204,1144.0
365.0,Probe List,object,1.0,plug,enchufe,endoll,3.0,2.0,7.0,2.0,2.0,1.5144,2640.0,9607.0,4.0,10.4118,558.0,575.0,583.0,7.0,1.0,2.0,6.0,0.097554,5.0
366.0,Probe List,food/veg,1.0,radish,rábano,rave,3.0,2.0,6.0,2.0,2.0,0.9375,1395.0,617.0,6.0,0.60784,0.0,456.0,NA,6.0,2.0,2.0,4.0,2.47787,127.0
368.0,Probe List,tools,1.0,Chainsaw,Motosierra,Motoserra,2.0,2.0,10.0,2.0,2.0,NA,NA,NA,8.0,NA,NA,NA,NA,10.0,2.0,NA,9.0,NA,NA
369.0,Probe List,plants,1.0,Tree,Árbol ,Arbre ,2.0,2.0,6.0,2.0,2.0,NA,NA,NA,4.0,NA,NA,NA,NA,6.0,1.0,NA,6.0,NA,NA
370.0,Probe List,office supply,1.0,pen,bolígrafo,bolígraf,4.0,6.696,9.0,6.51,6.51,8.3173,3000.0,16921.0,3.0,24.7255,571.0,554.0,576.0,9.0,1.0,3.0,8.0,0.97554,50.0
371.0,Probe List,plants,2.0,cactus,cactus,cactus,2.0,6.509,6.0,6.209,6.209,1.9712,2658.0,2655.0,6.0,2.902,NA,NA,NA,6.0,2.0,2.0,6.0,1.40478,72.0
373.0,Probe List,food/fruit,2.0,papaya,papaya,papaia,3.0,2.0,6.0,2.0,2.0,0.9375,3573.0,855.0,6.0,1.098,NA,NA,NA,6.0,3.0,3.0,6.0,0.097554,5.0
374.0,Probe List,object,1.0,helmet,casco,casc,2.0,5.797,5.0,4.402,4.402,16.8029,22907.0,10342.0,6.0,9.4706,602.0,528.0,620.0,5.0,2.0,1.0,4.0,8.95546,459.0
375.0,Probe List,transportation,2.0,Ambulance,Ambulancia,Ambulància,2.0,2.0,10.0,2.0,2.0,NA,NA,NA,9.0,NA,NA,NA,NA,10.0,4.0,NA,10.0,NA,NA
376.0,Probe List,household item,1.0,chimney,Chimenea,xemeneia,2.0,2.0,8.0,2.0,2.0,NA,NA,2896.0,7.0,4.1765,0.0,479.0,NA,8.0,2.0,4.0,8.0,8.19454,420.0
378.0,Probe List,accessory,1.0,crown,corona,corona,3.0,5.557,6.0,5.557,5.557,13.1731,38499.0,16084.0,5.0,13.6863,586.0,531.0,602.0,6.0,1.0,3.0,6.0,70.512,3614.0
379.0,Probe List,object,1.0,thimble,dedal,didal,2.0,2.0,5.0,2.0,2.0,NA,416.0,319.0,7.0,NA,529.0,397.0,570.0,5.0,2.0,2.0,5.0,0.858475,44.0
380.0,Probe List,plants,1.0,sunflower,girasol,gira-sol,3.0,2.0,7.0,2.0,2.0,0.88942,3917.0,1793.0,9.0,0.66667,NA,NA,NA,7.0,3.0,NA,8.0,1.38527,71.0
381.0,Probe List,animal,1.0,elephant,elefante,elefant,4.0,5.094,8.0,6.412,6.412,10.1683,10111.0,9249.0,8.0,11.3725,628.0,459.0,616.0,8.0,3.0,3.0,7.0,9.15056,469.0
382.0,Probe List,object,1.0,button,botón,botó,2.0,6.526,5.0,6.125,6.125,22.2356,60558.0,27239.0,6.0,28.2549,613.0,573.0,580.0,5.0,2.0,2.0,4.0,7.66774,393.0
383.0,Probe List,nature,2.0,star,estrella,estrella,3.0,5.913,8.0,5.062,5.062,61.0577,87234.0,107361.0,4.0,81.3529,574.0,574.0,623.0,8.0,1.0,3.0,8.0,29.0321,1488.0
384.0,Probe List,transportation,2.0,kayak,kayac,caiac,2.0,2.0,5.0,2.0,2.0,NA,95.0,1890.0,5.0,0.5098,NA,NA,NA,5.0,2.0,2.0,5.0,NA,NA
385.0,Probe List,object,2.0,photos,fotos,fotos,2.0,2.0,5.0,2.0,2.0,104.1827,221008.0,47981.0,6.0,19.9216,NA,NA,NA,5.0,NA,2.0,5.0,5.22889,268.0
386.0,Probe List,animal,1.0,rooster,gallo,gall,2.0,6.614,5.0,5.942,5.942,6.0817,21290.0,2257.0,7.0,3.8627,0.0,385.0,NA,5.0,2.0,1.0,4.0,23.5886,1209.0
387.0,Probe List,food/fruit,1.0,pear,Pera,pera,2.0,2.0,4.0,2.0,2.0,NA,NA,2906.0,4.0,1.3333,634.0,567.0,590.0,4.0,1.0,2.0,4.0,4.62406,237.0
388.0,Probe List,household item,2.0,hammock,hamaca,hamaca,3.0,6.566,6.0,6.085,6.085,1.7788,2953.0,1405.0,7.0,1.3922,NA,NA,NA,6.0,2.0,3.0,6.0,0.507281,26.0
389.0,Probe List,place,1.0,church,Iglesia,Església,2.0,2.0,7.0,2.0,2.0,NA,NA,170288.0,6.0,69.6667,587.0,560.0,616.0,7.0,1.0,NA,8.0,NA,NA
390.0,Probe List,animal,1.0,Lion,león,lleó,2.0,6.763,4.0,6.375,6.375,17.5962,86336.0,NA,4.0,NA,NA,NA,NA,4.0,1.0,2.0,4.0,20.5839,1055.0
391.0,Probe List,food/fruit,2.0,mango,mango,mango,2.0,5.764,5.0,5.113,5.113,5.1923,12415.0,3004.0,5.0,1.6471,NA,NA,NA,5.0,2.0,2.0,5.0,0.136576,7.0
392.0,Probe List,object,1.0,calendar,calendario,calendari,4.0,5.997,10.0,6.18,6.18,8.8702,46508.0,13643.0,8.0,7.1176,NA,NA,NA,10.0,3.0,4.0,9.0,16.194,830.0
393.0,Probe List,place,1.0,island,isla,illa,2.0,6.15,4.0,6.464,6.464,60.4567,151334.0,79690.0,6.0,39.5686,596.0,507.0,643.0,4.0,2.0,2.0,4.0,61.5566,3155.0
396.0,Probe List,object,1.0,binoculars,prismáticos/binoculares, prismàtics/binocles,4.5,2.62,11.0,4.2705,4.2705,NA,NA,4076.0,10.0,1.5686,NA,NA,NA,11.0,NA,NA,9.5,NA,NA
397.0,Probe List,sports,2.0,racket,raqueta,raqueta,3.0,2.0,7.0,2.0,2.0,1.7788,1571.0,2819.0,6.0,7.4314,562.0,486.0,530.0,7.0,2.0,3.0,7.0,0.585324,30.0
398.0,Probe List,animal,1.0,turtle,Tortuga,tortuga,2.0,2.0,7.0,2.0,2.0,NA,NA,7098.0,6.0,17.0392,644.0,509.0,564.0,7.0,2.0,3.0,7.0,6.59465,338.0
399.0,Probe List,accessory,1.0,watch,reloj,rellotge,2.0,6.043,5.0,6.518,6.518,51.5385,40367.0,167009.0,5.0,330.0196,487.0,576.0,525.0,5.0,1.0,3.0,8.0,39.9971,2050.0
400.0,Probe List,food/fruit,1.0,watermelon,sandía,síndria,3.0,2.0,6.0,2.0,2.0,2.2837,3017.0,2322.0,10.0,2.1961,NA,NA,NA,6.0,NA,3.0,7.0,1.63891,84.0
401.0,Probe List,body parts,1.0,heel,talón,taló,2.0,2.0,5.0,2.0,2.0,4.0865,5455.0,7528.0,4.0,7.3922,579.0,524.0,597.0,5.0,1.0,2.0,4.0,6.02884,309.0
402.0,Probe List,accessory,1.0,necklace,collar,collaret,2.0,6.543,6.0,5.334,5.334,17.7404,8518.0,6564.0,8.0,9.7451,NA,NA,NA,6.0,3.0,3.0,8.0,3.45341,177.0
403.0,Probe List,animal,1.0,Tiger,Tigre,tigre,2.0,2.0,5.0,2.0,2.0,NA,NA,NA,5.0,NA,NA,NA,NA,5.0,2.0,2.0,5.0,7.14095,366.0
404.0,Probe List,instrument,1.0,trombone ,trombón,trombó,2.0,2.0,7.0,2.0,2.0,NA,824.0,NA,9.0,NA,NA,NA,NA,7.0,3.0,2.0,6.0,1.07309,55.0
405.0,Probe List,object,1.0,fence,reja,reixa,2.0,5.829,4.0,6.122,6.122,3.3654,2942.0,20260.0,5.0,16.0588,597.0,526.0,611.0,4.0,1.0,2.0,5.0,8.37013,429.0
406.0,Probe List,food/nuts,1.0,almonds,almendras,ametlles,3.0,5.774,9.0,6.134,6.134,1.7067,7310.0,2866.0,7.0,1.3529,NA,NA,NA,9.0,NA,3.0,8.0,8.29209,425.0
408.0,Probe List,person,1.0,grandfather,abuelo,avi,3.0,6.293,6.0,6.485,6.485,78.7981,37269.0,21573.0,11.0,24.3333,565.0,471.0,564.0,6.0,3.0,2.0,3.0,38.7875,1988.0
409.0,Probe List,kitchen item,2.0,kettle,tetera,tetera,3.0,2.0,6.0,2.0,2.0,2.2837,1111.0,2589.0,6.0,2.8039,602.0,551.0,594.0,6.0,2.0,3.0,6.0,0.429238,22.0
410.0,Probe List,object,1.0,vase,florero/jarrón,gerro,2.5,4.175,6.5,4.124499999999999,4.124499999999999,NA,NA,3265.0,4.0,3.8431,595.0,452.0,563.0,6.5,1.0,2.0,5.0,5.17036,265.0
411.0,Probe List,transportation,1.0,Cableway,Teleférico,Telefèric,2.0,2.0,10.0,2.0,2.0,NA,NA,NA,8.0,NA,NA,NA,NA,10.0,3.0,NA,9.0,NA,NA
412.0,Probe List,animal,2.0,alpaca,llama,llama,2.0,5.921,5.0,3.895,3.895,262.5962,246925.0,254.0,6.0,NA,NA,NA,NA,5.0,3.0,2.0,5.0,0.877986,45.0
413.0,Probe List,profession/person,1.0,astronaut,astronauta,astronauta,4.0,6.319,10.0,6.294,6.294,6.274,4282.0,4276.0,9.0,3.9608,NA,NA,NA,10.0,3.0,4.0,10.0,0.292662,15.0
415.0,Probe List,sport,1.0,soccer,fútbol,futbol,2.0,6.289,6.0,5.683,5.683,54.0144,172243.0,20314.0,6.0,12.549,524.0,521.0,570.0,6.0,2.0,2.0,6.0,18.067,926.0
416.0,Probe List,food/fruit,2.0,Coconut,Coco,coco,2.0,2.0,4.0,2.0,2.0,NA,NA,NA,7.0,NA,NA,NA,NA,4.0,3.0,2.0,4.0,2.32178,119.0
417.0,Probe List,object,1.0,sword,espada,espasa,3.0,5.876,6.0,6.461,6.461,30.3125,29394.0,16036.0,5.0,26.1765,577.0,444.0,597.0,6.0,1.0,3.0,6.0,37.1095,1902.0
418.0,Probe List,food/veg,1.0,garlic,ajo,all,2.0,6.33,3.0,5.77,5.77,6.4663,15482.0,18462.0,6.0,6.0,636.0,509.0,565.0,3.0,2.0,1.0,3.0,13.4625,690.0
419.0,Probe List,drink,1.0,wine,vino,vi,2.0,6.157,4.0,5.676,5.676,198.4375,151468.0,51444.0,4.0,60.3529,621.0,570.0,624.0,4.0,1.0,1.0,2.0,128.42,6582.0
420.0,Probe List,object,1.0,easel,caballete,cavallet,4.0,6.009,9.0,5.987,5.987,NA,723.0,1326.0,5.0,NA,580.0,349.0,532.0,9.0,2.0,3.0,8.0,3.04368,156.0
421.0,Probe List,toys,1.0,balloon,globo,globus,2.0,6.243,5.0,5.94,5.94,11.6346,21330.0,8028.0,7.0,8.6667,623.0,520.0,583.0,5.0,2.0,2.0,6.0,9.61882,493.0
422.0,Probe List,electronics,1.0,camera,cámara,càmera,3.0,6.257,6.0,4.43,4.43,101.1298,191350.0,74613.0,6.0,57.0,627.0,550.0,576.0,6.0,3.0,3.0,6.0,1.77548,91.0
423.0,Probe List,object,1.0,nametag/badge,gafete,gafet,3.0,2.0,6.0,2.0,2.0,NA,284.0,NA,6.0,NA,NA,NA,NA,6.0,2.0,2.0,5.0,0.097554,5.0
424.0,Probe List,food/meal,2.0,paella,paella,paella,3.0,5.823,6.0,5.917,5.917,NA,3195.0,412.0,6.0,NA,NA,NA,NA,6.0,2.0,3.0,6.0,9.01399,462.0
425.0,Probe List,drink,1.0,beer,cerveza,cervesa,3.0,6.395,7.0,6.026,6.026,79.6154,39472.0,43834.0,4.0,75.4902,587.0,604.0,598.0,7.0,1.0,3.0,7.0,11.0041,564.0
426.0,Probe List,body parts,1.0,hand,mano,mà,2.0,6.717,4.0,6.315,6.315,255.9615,394970.0,299551.0,4.0,279.6471,604.0,601.0,598.0,4.0,1.0,1.0,2.0,319.353,16368.0
427.0,Probe List,hygiene product/ health,1.0,soap,jabón,sabó,2.0,5.648,5.0,6.619,6.619,9.7596,13923.0,12143.0,4.0,15.1961,598.0,594.0,600.0,5.0,1.0,2.0,4.0,12.4089,636.0
429.0,Probe List,object,1.0,horseshoe,herradura,ferradura,4.0,2.0,9.0,2.0,2.0,NA,2370.0,1179.0,9.0,1.0196,0.0,419.0,NA,9.0,3.0,4.0,9.0,4.23384,217.0
430.0,Probe List,food/protein,1.0,shrimp,gambas/camarón,gambes,2.5,2.0,6.5,2.0,2.0,NA,NA,10743.0,6.0,8.7059,629.0,546.0,618.0,6.5,1.0,2.0,6.0,1.01456,52.0
431.0,Probe List,office supply,1.0,scissors,tijeras/tijera,tisores/tisora,3.0,4.127,6.5,4.2275,4.2275,NA,NA,4198.0,8.0,6.6863,596.0,559.0,609.0,6.5,2.0,NA,6.5,NA,NA
433.0,Probe List,transportation/tools,2.0,Tractor,tractor,tractor,2.0,2.0,7.0,2.0,2.0,3.6058,2555.0,NA,7.0,NA,NA,NA,NA,7.0,2.0,2.0,7.0,1.30722,67.0
434.0,Probe List,place,1.0,bullring,plaza de toros,plaça de bous,2.0,2.0,14.0,2.0,2.0,NA,NA,139.0,8.0,NA,NA,NA,NA,14.0,NA,NA,13.0,NA,NA
435.0,Probe List,drink,1.0,sangria,sangría,sangria,3.0,2.0,7.0,2.0,2.0,NA,2514.0,279.0,7.0,NA,NA,NA,NA,7.0,2.0,3.0,7.0,0.546302,28.0
436.0,Probe List,food,1.0,butter,mantequilla/ margarina,mantega,3.0,3.899,10.5,4.217499999999999,4.217499999999999,NA,NA,28834.0,6.0,20.4314,618.0,615.0,603.0,10.5,2.0,3.0,7.0,16.6427,853.0
437.0,Probe List,body parts,1.0,eyebrow,ceja,cella,2.0,6.016,4.0,6.042,6.042,1.5385,5454.0,3833.0,7.0,1.3922,NA,NA,NA,4.0,2.0,2.0,5.0,4.1558,213.0
438.0,Probe List,sports,1.0,baseball,béisbol,beisbol,2.0,2.0,7.0,2.0,2.0,25.8894,19662.0,52311.0,8.0,25.2549,NA,NA,NA,7.0,NA,2.0,7.0,0.175597,9.0
439.0,Probe List,transportation/tools,1.0,crane,grúa,grua,2.0,2.0,4.0,2.0,2.0,5.8894,3066.0,11072.0,5.0,33.6078,606.0,428.0,562.0,4.0,1.0,2.0,4.0,3.19977,164.0
440.0,Probe List,clothing,2.0,beret,boina,boina,2.0,5.949,5.0,6.286,6.286,1.1538,1587.0,1161.0,5.0,0.94118,578.0,419.0,517.0,5.0,2.0,2.0,5.0,3.19977,164.0
441.0,Probe List,animal,2.0,walrus,morsa,morsa,2.0,2.0,5.0,2.0,2.0,1.3942,632.0,643.0,6.0,1.1176,629.0,506.0,590.0,5.0,2.0,2.0,5.0,0.23413,12.0
442.0,Probe List,clothing,1.0,pants,pantalones,pantalons,4.0,2.0,10.0,2.0,2.0,63.726,23649.0,29824.0,5.0,58.7451,619.0,575.0,630.0,10.0,1.0,3.0,9.0,18.7889,963.0
443.0,Probe List,food/dessert,1.0,cookie,Galleta,galeta,2.0,2.0,7.0,2.0,2.0,NA,NA,10691.0,6.0,16.7059,634.0,585.0,600.0,7.0,2.0,3.0,6.0,1.54135,79.0
444.0,Probe List,animal,1.0,scorpion,escorpión/alacran,escorpí,2.5,2.0,8.0,2.0,2.0,NA,NA,1389.0,8.0,2.6667,590.0,342.0,596.0,8.0,2.0,3.0,7.0,1.38527,71.0
445.0,Probe List,electronics,1.0,television,televisión,televisió,4.0,6.377,10.0,6.235,6.235,58.1971,208146.0,82707.0,10.0,33.902,NA,NA,NA,10.0,4.0,5.0,9.0,17.0329,873.0
446.0,Probe List,clothing,1.0,roller skate,patines,patins,3.0,2.0,7.0,2.0,2.0,3.101,2611.0,NA,12.0,NA,NA,NA,NA,7.0,4.0,2.0,6.0,0.643856,33.0
447.0,Probe List,animal,1.0,kangaroo,canguro,cangur,3.0,2.0,7.0,2.0,2.0,2.7163,1759.0,1418.0,8.0,2.3137,NA,NA,NA,7.0,3.0,2.0,6.0,0.370705,19.0
448.0,Probe List,drink,1.0,water,agua,aigua,2.0,6.39,4.0,6.113,6.113,249.9279,626821.0,324518.0,5.0,225.0588,616.0,641.0,632.0,4.0,2.0,2.0,5.0,449.763,23052.0
449.0,Probe List,food/fruit,1.0,banana,plátano/banana/guineo,plàtan ,3.0,2.0,6.333333333333333,2.0,2.0,NA,NA,7765.0,6.0,10.7255,633.0,576.0,644.0,6.333333333333333,3.0,NA,7.0,NA,NA
451.0,Probe List,kitchen item,2.0,Salt,sal,sal,1.0,6.328,3.0,5.896,5.896,111.875,68041.0,NA,4.0,NA,NA,NA,NA,3.0,1.0,1.0,3.0,45.1285,2313.0
452.0,Probe List,clothing,1.0,jacket,chaqueta/chamarra/abrigo,jaqueta,3.0,5.103666666666666,7.333333333333333,4.282333333333333,4.282333333333333,NA,NA,25173.0,6.0,33.4118,635.0,596.0,611.0,7.333333333333333,2.0,3.0,7.0,4.1558,213.0
453.0,Probe List,electronics,1.0,tablet,tableta/tablet,tauleta,2.5,2.0,6.5,2.0,2.0,NA,NA,10170.0,6.0,1.4902,NA,NA,NA,6.5,2.0,3.0,7.0,13.599,697.0
454.0,Probe List,transportation/tools,1.0,car,coche/auto/carro,cotxe,2.0,6.111666666666667,4.666666666666667,5.038,5.038,NA,NA,244677.0,3.0,483.0588,622.0,634.0,638.0,4.666666666666667,1.0,2.0,5.0,52.0938,2670.0
455.0,Probe List,furniture,1.0,sofa,sofá/sillón,sofà,2.0,5.855,5.0,6.4795,6.4795,NA,NA,8686.0,4.0,5.8627,629.0,564.0,597.0,5.0,2.0,2.0,4.0,8.23356,422.0
456.0,Probe List,hygiene,1.0,Shower,Chaparrón/alcachofa,xàfec/carxofa,3.0,2.0,9.0,2.0,2.0,NA,NA,NA,6.0,NA,NA,NA,NA,9.0,2.0,NA,6.0,NA,NA
457.0,Probe List,electronics,2.0,computer,ordenador,ordenador,4.0,6.009,9.0,5.908,5.908,6.9231,59655.0,108193.0,8.0,59.0392,NA,NA,NA,9.0,3.0,4.0,9.0,2.28276,117.0
458.0,Probe List,flower,1.0,rose,rosa,rosa,2.0,2.0,4.0,2.0,2.0,36.5144,87280.0,71876.0,4.0,53.0196,608.0,556.0,623.0,4.0,1.0,2.0,4.0,53.7327,2754.0
459.0,Probe List,clothing,1.0,shoes,zapato,sabata,3.0,5.636,6.0,6.48,6.48,17.1154,9361.0,47706.0,5.0,74.1569,NA,NA,NA,6.0,NA,3.0,6.0,7.68725,394.0
460.0,Probe List,food/vegetable,1.0,beans,lentejas,llenties,3.0,5.801,8.0,6.439,6.439,NA,4749.0,18684.0,5.0,14.4314,NA,NA,NA,8.0,NA,3.0,8.0,1.46331,75.0
461.0,Probe List,animal,1.0,sheep,oveja,ovella,3.0,6.322,5.0,6.207,6.207,6.3221,8035.0,14399.0,5.0,13.4314,622.0,507.0,596.0,5.0,1.0,3.0,6.0,8.8579,454.0
462.0,Probe List,object,2.0,magazine,revista,revista,3.0,6.123,7.0,5.38,5.38,39.9519,161550.0,59601.0,8.0,33.1961,588.0,585.0,588.0,7.0,3.0,3.0,7.0,42.6116,2184.0
463.0,Probe List,animal,2.0,cow,vaca,vaca,2.0,6.023,4.0,6.499,6.499,19.4952,24528.0,13200.0,3.0,25.5098,621.0,529.0,632.0,4.0,1.0,2.0,4.0,12.6235,647.0
464.0,Probe List,food/meal,1.0,rice,arroz,arròs,2.0,5.443,5.0,6.361,6.361,11.3221,45811.0,39281.0,4.0,15.0784,608.0,548.0,506.0,5.0,1.0,2.0,5.0,24.8177,1272.0
465.0,Probe List,place,1.0,pharmacy,farmacia,farmàcia,3.0,5.836,8.0,6.39,6.39,8.8942,14309.0,5147.0,8.0,3.4314,NA,NA,NA,8.0,3.0,4.0,8.0,8.40915,431.0
466.0,Probe List,food/snack,1.0,bread,pan,pa,1.0,6.842,3.0,2.0,2.0,48.2452,116056.0,33250.0,5.0,28.3333,622.0,611.0,619.0,3.0,1.0,1.0,2.0,118.04,6050.0
467.0,Probe List,nature,1.0,river,río,riu,2.0,6.255,3.0,6.271,6.271,61.5144,183183.0,89579.0,5.0,55.4706,585.0,565.0,633.0,3.0,2.0,1.0,3.0,156.242,8008.0
468.0,Probe List,household item,1.0,towel,toalla,tovallola,3.0,6.367,6.0,6.397,6.397,14.1106,10360.0,10487.0,5.0,14.1569,0.0,570.0,570.0,6.0,2.0,4.0,9.0,3.92167,201.0
469.0,Probe List,food,1.0,ice cream,helado,gelat,3.0,6.321,6.0,5.482,5.482,42.524,15608.0,NA,9.0,NA,NA,NA,NA,6.0,3.0,2.0,5.0,5.20938,267.0
470.0,Probe List,object,1.0,news paper,periódico,periòdic,4.0,5.869,9.0,5.861,5.861,37.4279,77267.0,NA,10.0,NA,NA,NA,NA,9.0,3.0,4.0,8.0,15.1014,774.0
471.0,Probe List,drink,1.0,milk,leche,llet,2.0,6.354,5.0,5.686,5.686,48.0048,127568.0,39441.0,4.0,42.5294,670.0,588.0,638.0,5.0,1.0,1.0,4.0,58.7665,3012.0
473.0,Probe List,sports,1.0,ski,esquí,esquí,2.0,2.0,5.0,2.0,2.0,2.8846,NA,19033.0,3.0,8.098,590.0,551.0,615.0,5.0,1.0,2.0,5.0,7.219,370.0
474.0,Probe List,household item,1.0,clothes like,tendedero,estenedor,4.0,2.0,9.0,2.0,2.0,NA,438.0,NA,12.0,NA,NA,NA,NA,9.0,4.0,4.0,9.0,0.25364,13.0
475.0,Probe List,animal,1.0,chicken (meat),pollo,pollet,2.0,6.505,5.0,6.491,6.491,47.2837,34274.0,NA,14.0,NA,NA,NA,NA,5.0,3.0,2.0,6.0,1.83402,94.0
477.0,Probe List,plant,1.0,tulip,tulipán,tulipa,3.0,2.0,7.0,2.0,2.0,1.7308,639.0,1245.0,5.0,0.78431,619.0,546.0,641.0,7.0,2.0,3.0,6.0,0.507281,26.0
478.0,Probe List,food/fruit,2.0,jalapenos,jalapeños,*jalapeños,4.0,2.0,9.0,2.0,2.0,NA,236.0,327.0,9.0,NA,NA,NA,NA,9.0,4.0,NA,10.0,NA,NA
479.0,Probe List,animal,2.0,seal,foca ,foca,2.0,2.0,5.0,2.0,2.0,NA,NA,14899.0,4.0,14.7451,587.0,482.0,563.0,5.0,1.0,2.0,4.0,2.28276,117.0
480.0,Probe List,household item,2.0,Fan,Ventilador,Ventilador,2.0,2.0,10.0,2.0,2.0,NA,NA,NA,3.0,NA,NA,NA,NA,10.0,1.0,NA,10.0,NA,NA
481.0,Probe List,object,2.0,suitcase,maleta,maleta,3.0,4.87,6.0,6.12,6.12,18.8462,11663.0,6360.0,8.0,13.3922,NA,NA,NA,6.0,NA,3.0,6.0,11.9016,610.0
482.0,Probe List,accesorie,1.0,fanny pack,riñonera,ronyonera,4.0,2.0,8.0,2.0,2.0,NA,211.0,NA,10.0,NA,NA,NA,NA,8.0,3.0,4.0,9.0,NA,NA
483.0,Probe List,object,1.0,lock,candado,cadenat/candau,3.0,6.222,7.0,6.179,6.179,3.0288,3398.0,24899.0,4.0,56.5686,565.0,588.0,532.0,7.0,1.0,NA,6.5,NA,NA
